block_id,stratum,N_h,condition,maploss,n_maploss,n_canopy,n_mature,n_young,easting,northing,offset_e_m,offset_n_m,block_status,cause,confidence,offset_seen,notes,suggested,n_h,design_weight,fold,interp2,canopy_i1,lost_i1,canopy_primary,lost_primary,canopy_i2,lost_i2,mean_s2_ndvi_pre,mean_s2_dndvi,mean_s2_dnbr,mean_slope_deg,mean_dist_stream_m,mean_s1_dratio_db,mean_ae_cos_2022_2023
B-001,young_some,4030,young,some,2,8,0,8,1.92144e+06,5.64576e+06,-0.5,-4,OK,Slip or debris flow,,No,,No,17,237.059,5,1,16,7,0,0,16,16,0.650608,-0.131814,0.0952341,28.548,75.8793,-1.28044,0.233083
B-002,mature_some,6654,mature,some,3,9,9,0,1.92194e+06,5.63346e+06,-1.5,-9,OK,,,No,,No,20,332.7,3,0,16,0,16,0,,,0.915025,-0.0227422,0.0633679,17.0075,53.5227,-0.422491,0.0535665
B-003,mature_some,6654,mature,some,2,9,9,0,1.92698e+06,5.65644e+06,3.25,-8.25,OK,Slip or debris flow,,No,,No,20,332.7,1,1,6,4,6,4,7,4,0.742203,-0.0364345,-0.017657,20.8599,177.059,-0.582069,0.0447949
B-004,young_none,35218,young,none,0,8,0,8,1.92942e+06,5.63394e+06,0.5,-4.5,OK,Slip or debris flow,,No,,No,30,1173.93,3,0,0,0,0,0,,,0.554593,0.0187727,-0.061553,28.6903,92.4664,0.706962,0.0429668
B-005,mature_none,54237,mature,none,0,9,9,0,1.92096e+06,5.65144e+06,1.5,-7.25,OK,,,No,,Yes,35,1549.63,5,0,16,0,16,0,,,0.870077,0.0685286,-0.044598,5.97625,73.1456,-0.416861,0.0281904
B-006,young_none,35218,young,none,0,9,0,9,1.92926e+06,5.63392e+06,0.5,-4.5,OK,Slip or debris flow,,No,before= fresh cut over  after = can't tell if replanted  looks like natural regen [rechecked 27 Sep: all no canopy],Yes,30,1173.93,3,0,0,0,0,0,,,0.664631,-0.0372455,0.0648359,32.5086,85.7331,-2.11814,0.0541282
B-007,mature_some,6654,mature,some,2,9,8,1,1.92594e+06,5.64834e+06,-0.5,-5,OK,Slip or debris flow,,No,,Yes,20,332.7,4,0,16,1,15,1,,,0.87315,-0.00531267,0.0535549,24.2648,240.936,-0.348698,0.214147
B-008,mature_some,6654,mature,some,1,9,9,0,1.9239e+06,5.64876e+06,-1,-4.5,OK,Slip or debris flow,,No,,Yes,20,332.7,5,0,12,3,12,3,,,0.828922,0.0105858,0.00742958,15.4053,255.453,-1.38162,0.0738513
B-009,mature_most,5269,mature,most,7,9,9,0,1.92758e+06,5.6526e+06,15,-16,OK,,,No,native veg,Yes,9,585.444,1,0,5,5,5,5,,,0.839059,-0.152664,0.424105,52.142,27.2334,-0.71818,0.0540402
B-010,mature_most,5269,mature,most,7,9,7,2,1.92728e+06,5.65524e+06,2.5,-8.5,Can't tell,Slip or debris flow,,No,shaded in before  looks like native veg,No,9,,1,0,0,0,0,0,,,0.726111,-0.322328,0.36409,33.2592,8.01777,0.848701,0.0653684
B-011,mature_none,54237,mature,none,0,1,1,0,1.92894e+06,5.6419e+06,8,-5,OK,,,No,,Yes,35,1549.63,4,0,0,0,0,0,,,0.793326,-0.243347,0.21053,22.3649,9.63388,-0.388295,0.0679182
B-012,young_some,4030,young,some,1,9,0,9,1.92116e+06,5.64954e+06,1.5,-7,OK,Slip or debris flow,,No,,No,17,237.059,5,0,14,3,14,3,,,0.588274,-0.0862538,0.0628024,20.6011,100,-0.496582,0.0485048
B-013,mature_none,54237,mature,none,0,9,9,0,1.92764e+06,5.65542e+06,3.25,-8.25,OK,,,No,,Yes,35,1549.63,1,1,16,0,16,0,16,2,0.927493,0.00653685,0.0250937,18.6249,35.721,0.217894,0.03225
B-014,mature_some,6654,mature,some,2,9,9,0,1.928e+06,5.64508e+06,4.25,-9.25,OK,,,No,,Yes,20,332.7,4,0,16,0,16,0,,,0.893663,-0.0360949,0.0738452,20.0521,112.027,0.189494,0.0901754
B-015,mature_none,54237,mature,none,0,9,9,0,1.92336e+06,5.64018e+06,-4.5,-3.25,OK,Slip or debris flow,,No,,Yes,35,1549.63,2,1,16,5,16,5,16,6,0.827159,0.0610383,0.0314015,30.106,155.403,-0.910202,0.0462541
B-016,young_none,35218,young,none,0,9,0,9,1.92234e+06,5.63754e+06,-1.5,-10,OK,Slip or debris flow,,No,[rechecked 27 Sep: all no canopy],Yes,30,1173.93,2,0,0,0,0,0,,,0.759711,-0.0376673,0.0851784,10.5519,103.108,-1.06616,0.0524045
B-017,young_none,35218,young,none,0,9,0,9,1.92822e+06,5.65108e+06,14.75,-16.25,OK,,,No,,No,30,1173.93,1,0,16,0,16,0,,,0.726644,-0.0554152,0.0142286,23.5777,130.576,0.239477,0.0555394
B-018,mature_most,5269,mature,most,9,9,7,2,1.92144e+06,5.64192e+06,-2.5,-5,OK,Slip or debris flow,,Yes,,Yes,9,585.444,2,0,16,8,16,8,,,0.825229,-0.32729,0.348688,26.5746,23.4973,-0.666925,0.052643
B-019,young_none,35218,young,none,0,9,0,9,1.92654e+06,5.65192e+06,15,-16,OK,,,No,,No,30,1173.93,1,1,16,0,16,0,16,0,0.785112,0.0646155,-0.056759,5.77388,32.4245,-0.331325,0.070855
B-020,young_some,4030,young,some,4,7,0,7,1.92806e+06,5.65074e+06,12,-16,OK,Slip or debris flow,,No,,Yes,17,237.059,1,0,16,11,16,11,,,0.539679,-0.219261,0.22471,8.65039,235.323,-1.05181,0.0591414
B-021,mature_some,6654,mature,some,2,9,9,0,1.92506e+06,5.64222e+06,1,-6,OK,,,No,native veg,Yes,20,332.7,2,0,0,0,0,0,,,0.782035,-0.0162279,0.109508,23.4019,19.2312,0.548848,0.0550051
B-022,young_none,35218,young,none,0,8,0,8,1.92986e+06,5.63902e+06,9,-9,OK,Slip or debris flow,,No,,Yes,30,1173.93,3,0,13,2,13,2,,,0.69125,0.0329618,-0.0986316,24.8197,112.027,-1.14277,0.0471373
B-023,young_none,35218,young,none,0,9,0,9,1.92872e+06,5.65176e+06,15,-16.5,OK,,,No,,Yes,30,1173.93,1,1,4,0,4,0,16,3,0.662448,0.0797507,-0.0426443,12.5461,77.9435,-0.450608,0.0689922
B-024,mature_none,54237,mature,none,0,9,9,0,1.92564e+06,5.6539e+06,11.5,-14.75,OK,,,No,,No,35,1549.63,1,0,16,0,16,0,,,0.879418,0.0495368,0.0137484,31.4034,128.258,-0.0789157,0.0362054
B-025,young_none,35218,young,none,0,9,0,9,1.92726e+06,5.65632e+06,3.25,-8.25,OK,,,No,,Yes,30,1173.93,1,0,14,0,14,0,,,0.785207,0.0420851,-0.0473895,9.11797,104.643,-0.152278,0.0656993
B-026,young_some,4030,young,some,4,9,0,9,1.92968e+06,5.64852e+06,5.75,-11.5,OK,Slip or debris flow,,No,before = fresh cut over after = green natural veg regen with slip branching,No,17,237.059,4,1,0,0,0,0,0,0,0.70341,-0.203642,0.187527,28.011,171.319,-1.3251,0.0388973
B-027,young_none,35218,young,none,0,9,0,9,1.92636e+06,5.64906e+06,-0.5,-5,OK,,,Yes,road with clear cut on either side N-S,No,30,1173.93,4,0,0,0,0,0,,,0.706469,-0.019901,0.0279033,17.0741,212.25,0.552503,0.0756315
B-028,mature_none,54237,mature,none,0,9,9,0,1.9203e+06,5.64948e+06,1.25,-7,OK,,,No,,Yes,35,1549.63,5,0,16,0,16,0,,,0.844657,0.0919673,-0.0313593,11.6724,56.9015,-0.0125948,0.0195266
B-029,mature_none,54237,mature,none,0,9,9,0,1.92854e+06,5.65456e+06,4.5,-11,OK,,,No,,Yes,35,1549.63,1,1,16,0,16,0,16,0,0.895065,0.0333679,-0.0248648,8.27889,233.399,0.00441175,0.0716661
B-030,young_some,4030,young,some,4,6,0,6,1.92132e+06,5.64384e+06,-2.5,-4.75,OK,Slip or debris flow,,No,before = fresh cutover after = native veg regen with slips,Yes,17,237.059,2,0,0,0,0,0,,,0.527551,-0.225943,0.236259,31.2845,90.1393,-2.82287,0.0889948
B-031,mature_most,5269,mature,most,9,9,9,0,1.9269e+06,5.65566e+06,2.5,-8.5,OK,Flood or silt,,No,native veg,Yes,9,585.444,1,0,0,0,0,0,,,0.813624,-0.235048,0.22052,31.7283,5.88388,-0.970664,0.0321995
B-032,mature_some,6654,mature,some,1,9,9,0,1.92696e+06,5.64688e+06,0.5,-6,OK,,,No,,Yes,20,332.7,4,0,16,0,16,0,,,0.864638,-0.0150568,0.117772,10.5025,21.7228,-1.14872,0.104149
B-033,mature_none,54237,mature,none,0,5,5,0,1.92804e+06,5.6563e+06,4,-8.5,OK,,,No,,Yes,35,1549.63,1,0,7,0,7,0,,,0.924098,0.0263684,-0.0150399,17.6991,192.224,0.0831411,0.026611
B-034,young_none,35218,young,none,0,8,0,8,1.92884e+06,5.6505e+06,13,-16,OK,,,Yes,before = clear cut with road intersect after = native regen veg  road on 1 only,No,30,1173.93,1,0,0,0,0,0,,,0.64276,0.0690181,-0.0356722,11.5435,184.526,0.596496,0.0938694
B-035,mature_some,6654,mature,some,1,9,9,0,1.92774e+06,5.6439e+06,8,-9,OK,Slip or debris flow,,No,,Yes,20,332.7,4,0,16,2,16,2,,,0.874388,-0.0195061,0.0530258,21.8613,133.982,0.612881,0.0808324
B-036,mature_none,54237,mature,none,0,1,1,0,1.9205e+06,5.64258e+06,-2.5,-4.75,OK,,,No,,No,35,1549.63,2,1,1,0,1,0,1,0,0.868114,0.0194533,0.0268661,10.5962,250.1,-1.44923,0.0246738
B-037,young_some,4030,young,some,2,9,0,9,1.9305e+06,5.63442e+06,3.25,-5.5,OK,Slip or debris flow,,No,,Yes,17,237.059,3,0,16,2,16,2,,,0.587149,-0.0974381,0.0651343,29.9876,160.078,-1.72647,0.0399528
B-038,young_none,35218,young,none,0,9,0,9,1.92858e+06,5.647e+06,5.5,-10,OK,,,No,before = clear cut after = native veg regen,Yes,30,1173.93,4,0,0,0,0,0,,,0.634925,-0.0417157,-0.0268799,24.8388,63.6422,1.22676,0.0576724
B-039,young_most,2904,young,most,6,9,0,9,1.9218e+06,5.6469e+06,1,-5,OK,Slip or debris flow,,No,,Yes,6,484,5,0,16,7,16,7,,,0.8709,-0.285076,0.297134,29.5046,282.4,-0.355255,0.056027
B-040,mature_none,54237,mature,none,0,9,9,0,1.92864e+06,5.6452e+06,4.25,-9.75,OK,,,No,,No,35,1549.63,4,0,16,0,16,0,,,0.889928,0.0402374,-0.0378159,29.3923,42.8705,,0.0247382
B-041,young_some,4030,young,some,3,9,0,9,1.93184e+06,5.6328e+06,6.25,-7,OK,Slip or debris flow,,No,great example of debris flow,Yes,17,237.059,3,0,16,8,16,8,,,0.681507,-0.191477,0.162164,17.5834,30.8547,-1.23249,0.0453406
B-042,young_some,4030,young,some,3,9,0,9,1.9211e+06,5.64922e+06,1.5,-7,OK,Slip or debris flow,,No,young replants ,Yes,17,237.059,5,0,16,9,16,9,,,0.559045,-0.163871,0.0933104,24.2596,145.774,0.950149,0.0600673
B-043,young_none,35218,young,none,0,7,0,7,1.92642e+06,5.6499e+06,6,-9,OK,,,No,before = fresh cut over with native veg left after = native veg regen,Yes,30,1173.93,4,0,0,0,0,0,,,0.6642,-0.0870323,0.0590005,25.6202,6.76777,0.889165,0.0349663
B-044,mature_none,54237,mature,none,0,9,9,0,1.9187e+06,5.65068e+06,1,-7.5,OK,,,No,,Yes,35,1549.63,5,0,16,0,16,0,,,0.791938,0.148955,-0.0309626,11.3078,85.2219,-0.904414,0.0277159
B-045,young_none,35218,young,none,0,9,0,9,1.92588e+06,5.64804e+06,-0.5,-5,OK,Flood or silt,,No,,Yes,30,1173.93,4,0,16,16,0,0,,,0.665726,0.0272741,-0.0208948,11.421,155.644,-0.680853,0.228739
B-046,mature_none,54237,mature,none,0,9,9,0,1.92726e+06,5.64852e+06,3,-8.5,OK,,,No,,Yes,35,1549.63,4,0,16,0,16,0,,,0.876353,0.0130568,0.0453311,30.4835,165.607,0.414142,0.0526755
B-047,young_some,4030,young,some,3,9,0,9,1.92258e+06,5.64202e+06,-2.5,-5,OK,,,No,,No,17,237.059,2,0,0,0,0,0,,,0.759616,-0.201204,0.156857,27.6092,63.6422,0.58804,0.0441298
B-048,young_none,35218,young,none,0,9,0,9,1.92948e+06,5.6397e+06,9.5,-9.5,OK,Slip or debris flow,,No,young replant,Yes,30,1173.93,3,0,16,7,16,7,,,0.568568,-0.0600124,0.123964,20.9239,36.3222,-0.578108,0.0405954
B-049,mature_none,54237,mature,none,0,9,9,0,1.9203e+06,5.64294e+06,-2.5,-4.75,OK,,,No,,Yes,35,1549.63,2,0,16,0,16,0,,,0.84556,0.0842767,-0.0283098,28.332,106.184,-0.707992,0.0254699
B-050,young_some,4030,young,some,2,3,0,3,1.92218e+06,5.65182e+06,1.5,-7,OK,Slip or debris flow,,No,young replant,Yes,17,237.059,5,0,4,0,4,0,,,0.658637,-0.317082,0.26685,17.6922,63.6422,-3.06219,0.0497676
B-051,young_some,4030,young,some,3,9,3,6,1.92798e+06,5.64484e+06,4.25,-9.25,OK,Slip or debris flow,,No,looks like native veg,Yes,17,237.059,4,0,0,0,0,0,,,0.750452,-0.114828,0.149058,40.1361,101.733,,0.0396973
B-052,young_none,35218,young,none,0,9,0,9,1.93232e+06,5.63322e+06,6.25,-7,OK,,,No,,No,30,1173.93,3,0,16,0,16,0,,,0.745234,0.0567066,-0.0300888,16.8329,51.4843,-0.592937,0.0420069
B-053,mature_none,54237,mature,none,0,8,8,0,1.9271e+06,5.641e+06,4.5,-6.5,OK,,,No,boarders native veg,Yes,35,1549.63,2,0,6,0,6,0,,,0.872516,0.0275586,0.00562125,20.2464,77.9435,-0.224985,0.0993169
B-054,mature_some,6654,mature,some,3,9,9,0,1.92128e+06,5.6512e+06,1.5,-7,OK,Slip or debris flow,,No,,Yes,20,332.7,5,1,16,6,16,6,16,6,0.855111,-0.0555357,0.0240457,22.9843,9.30808,0.211146,0.100614
B-055,young_none,35218,young,none,0,8,0,8,1.93254e+06,5.63374e+06,6.25,-7,OK,,,No,,Yes,30,1173.93,3,0,14,0,14,0,,,0.89739,-0.00328664,0.0156521,20.6531,70.4082,0.307642,0.03355
B-056,young_none,35218,young,none,0,9,0,9,1.92642e+06,5.64964e+06,0.25,-7,OK,Slip or debris flow,,No,before = fresh cutover after = replant or native regen  can't tell [rechecked 27 Sep: all no canopy],Yes,30,1173.93,4,0,0,0,0,0,,,0.636331,-0.0277431,0.0289921,21.2976,20,-1.18172,0.0434899
B-057,mature_none,54237,mature,none,0,2,2,0,1.92458e+06,5.6334e+06,-5.5,-9,OK,,,No,native veg,Yes,35,1549.63,3,0,0,0,0,0,,,0.798787,-0.0630277,0.0220696,15.6108,114.237,-2.85159,0.0491844
B-058,mature_none,54237,mature,none,0,2,2,0,1.9223e+06,5.63586e+06,-1.5,-10,OK,,,No,,Yes,35,1549.63,2,1,2,0,2,0,2,0,0.890155,0.0231675,-0.0244033,14.445,100.25,0.58895,0.0218645
B-059,mature_most,5269,mature,most,9,9,6,3,1.93332e+06,5.63334e+06,7.5,-8.5,OK,Slip or debris flow,,No,,Yes,9,585.444,3,0,8,8,8,8,,,0.746021,-0.628924,0.444877,0.70513,70.8444,-0.94824,0.111887
B-060,young_none,35218,young,none,0,9,0,9,1.92984e+06,5.63464e+06,0.5,-4.5,OK,Slip or debris flow,,Yes,,Yes,30,1173.93,3,0,13,3,13,3,,,0.618299,-0.06035,0.0554779,21.8094,40,0.157458,0.0398006
B-061,mature_most,5269,mature,most,9,9,9,0,1.92662e+06,5.64174e+06,3,-6,OK,Slip or debris flow,,No,,Yes,9,585.444,2,0,12,3,12,3,,,0.913828,-0.164895,0.206041,32.6972,31.9635,0.76993,0.0542539
B-062,young_some,4030,young,some,4,9,0,9,1.92878e+06,5.64798e+06,4,-10,OK,Slip or debris flow,,No,before = fresh cut over after = native veg regen with slips,Yes,17,237.059,4,1,0,0,0,0,0,0,0.6007,-0.241627,0.148789,6.22123,41.8438,0.280818,0.101373
B-063,mature_some,6654,mature,some,2,6,6,0,1.92812e+06,5.64282e+06,8,-7,OK,,,No,,Yes,20,332.7,4,1,3,0,3,0,0,0,0.848737,-0.0280852,0.172327,34.9727,8.01777,-0.0969277,0.0346982
B-064,mature_most,5269,mature,most,8,9,9,0,1.91856e+06,5.65054e+06,1,-8,OK,Slip or debris flow,,Yes,native veg,Yes,9,585.444,5,1,0,0,0,0,0,0,0.885625,-0.336135,0.197686,33.8719,167.78,0.657528,0.0970204
B-065,young_some,4030,young,some,2,9,0,9,1.92866e+06,5.65168e+06,15,-16.5,OK,Slip or debris flow,,No,1 2 5 6 9 10 clear cut in the after,No,17,237.059,1,0,12,2,4,0,,,0.781445,-0.0811343,0.0511018,33.0287,18.5758,-0.466717,0.130888
B-066,mature_none,54237,mature,none,0,9,9,0,1.92204e+06,5.64756e+06,0.25,-5,OK,,,No,native veg,Yes,35,1549.63,5,0,0,0,0,0,,,0.806691,0.114524,-0.0234743,12.1073,9.30808,1.80359,0.0189916
B-067,young_none,35218,young,none,0,9,0,9,1.92668e+06,5.65182e+06,15,-16,OK,,,No,young plantation ,Yes,30,1173.93,1,0,16,0,16,0,,,0.747405,0.0928789,-0.0640853,14.544,11.2903,-1.2396,0.0627351
B-068,young_most,2904,young,most,9,9,0,9,1.93326e+06,5.63314e+06,7.5,-8.5,OK,Flood or silt,,Yes,,Yes,6,484,3,0,16,5,16,5,,,0.87786,-0.422105,0.427756,0.997324,76.2853,-1.46353,0.164293
B-069,young_some,4030,young,some,3,9,0,9,1.92408e+06,5.6473e+06,-0.75,-4.75,OK,Slip or debris flow,,No,,No,17,237.059,4,0,16,8,0,0,,,0.669726,-0.186392,0.181317,23.2999,85.0009,-0.240843,0.268733
B-070,mature_most,5269,mature,most,9,9,9,0,1.92252e+06,5.64598e+06,-0.5,-4.5,OK,Slip or debris flow,,No,native veg,No,9,585.444,5,1,0,0,0,0,4,4,0.886935,-0.362073,0.371189,31.7078,14.6073,-0.709319,0.100567
B-071,young_none,35218,young,none,0,9,0,9,1.92812e+06,5.64846e+06,4,-9.5,OK,,,No,,Yes,30,1173.93,4,0,11,7,11,7,,,0.742084,-0.135649,0.0646473,20.3245,9.30808,0.464142,0.0748459
B-072,mature_some,6654,mature,some,3,9,9,0,1.9208e+06,5.65278e+06,1.5,-7,OK,Slip or debris flow,,No,,Yes,20,332.7,5,0,16,5,16,5,,,0.821866,-0.031509,0.0842548,20.0216,5.88388,-0.481062,0.148298
B-073,young_most,2904,young,most,8,9,0,9,1.92498e+06,5.6478e+06,-1.25,-4.75,OK,Slip or debris flow,,No,before = cut over after = mostly slip,Yes,6,484,4,0,0,0,0,0,,,0.61269,-0.324492,0.199861,33.1845,106.184,-0.766186,0.0371335
B-074,mature_none,54237,mature,none,0,7,7,0,1.92888e+06,5.65012e+06,12,-15.5,OK,,,No,,Yes,35,1549.63,4,1,11,0,11,0,7,0,0.838706,0.0391192,-0.00437505,41.7952,37.3143,0.565029,0.0206403
B-075,young_none,35218,young,none,0,9,0,9,1.9241e+06,5.65092e+06,-1.5,-5,Can't tell,,,Yes,before = cut over may have been replanted,Yes,30,,5,0,0,0,0,0,,,0.688887,0.00264106,-0.0116659,17.8981,204.083,-0.97377,0.0257039
B-076,young_some,4030,young,some,2,9,0,9,1.92548e+06,5.63062e+06,2,-4,Can't tell,,,No,looks like a fresh replant,Yes,17,,3,0,16,0,0,0,,,0.714113,-0.12486,0.091494,29.8629,120,0.401101,0.0266688
B-077,mature_none,54237,mature,none,0,9,9,0,1.92798e+06,5.64436e+06,8,-5,OK,,,No,,Yes,35,1549.63,4,0,16,0,16,0,,,0.744768,0.098779,0.0727866,20.4906,92.2311,0.123932,0.0865513
B-078,mature_none,54237,mature,none,0,9,9,0,1.9277e+06,5.65546e+06,3.25,-8.25,OK,,,No,,Yes,35,1549.63,1,0,16,0,16,0,,,0.920257,0.0258738,-0.0191251,14.2043,56.9009,-0.0445666,0.0260895
B-079,mature_none,54237,mature,none,0,9,9,0,1.92126e+06,5.64294e+06,-2.5,-4.75,OK,,,No,,No,35,1549.63,2,0,16,0,16,0,,,0.855672,0.0111461,0.0525993,17.1285,118.329,-0.923012,0.100102
B-080,young_some,4030,young,some,1,9,0,9,1.92894e+06,5.64856e+06,5.75,-11.5,Can't tell,Slip or debris flow,,No,before = cut over  looks like it could have been replanted after = slip,Yes,17,,4,0,0,0,0,0,,,0.702474,-0.150025,0.16167,17.2095,77.9435,0.0170796,0.0837955
B-081,mature_none,54237,mature,none,0,9,9,0,1.92158e+06,5.64664e+06,-0.5,-4.5,OK,,,No,,No,35,1549.63,5,0,16,0,16,0,,,0.906805,0.0421108,-0.0304731,15.6447,324.401,0.533165,0.0280849
B-082,young_some,4030,young,some,3,3,0,3,1.92648e+06,5.63692e+06,7.5,-12.5,OK,Flood or silt,,No,,Yes,17,237.059,3,0,2,2,0,0,,,0.732662,-0.577124,0.411072,9.43211,18.6524,-0.888016,0.0938942
B-083,mature_none,54237,mature,none,0,9,9,0,1.92782e+06,5.65518e+06,4,-8.5,OK,,,Yes,,Yes,35,1549.63,1,0,16,0,16,0,,,0.906738,0.0279344,-0.0308121,12.194,59.6063,-0.45879,0.0266302
B-084,young_none,35218,young,none,0,2,0,2,1.92954e+06,5.6392e+06,9,-9,OK,Slip or debris flow,,No,,Yes,30,1173.93,3,0,16,4,16,4,,,0.454266,0.18462,-0.0216051,30.1667,20.5482,-0.616544,0.0348447
B-085,young_most,2904,young,most,9,9,0,9,1.92096e+06,5.6463e+06,-0.5,-4,OK,,,No,,Yes,6,484,5,0,16,9,16,9,,,0.855062,-0.403421,0.390457,25.4262,45.22,-2.64721,0.097953
B-086,young_most,2904,young,most,5,9,3,6,1.92138e+06,5.644e+06,-2.5,-4.5,Can't tell,,,No,after = clear cut happened,Yes,6,,2,0,3,3,0,0,,,0.741291,-0.18496,0.173429,44.9961,20.5482,1.14123,0.213322
B-087,young_some,4030,young,some,3,9,0,9,1.9227e+06,5.63686e+06,-1.5,-10,Can't tell,Slip or debris flow,,No,before = cut over looks like it was replanted,Yes,17,,2,0,16,7,0,0,,,0.629824,-0.125477,0.226325,32.0953,81.2999,-1.20117,0.0486258
B-088,young_none,35218,young,none,0,9,0,9,1.92114e+06,5.65096e+06,1.5,-7,OK,,,No,,Yes,30,1173.93,5,0,15,0,15,0,,,0.820582,0.0736886,-0.0156992,4.46202,90.1393,0.495495,0.103992
B-089,mature_none,54237,mature,none,0,9,9,0,1.92114e+06,5.65144e+06,1.5,-7,OK,,,No,,Yes,35,1549.63,5,1,16,0,16,0,16,0,0.875238,0.0523229,-0.00712958,18.0975,44.9596,0.153514,0.044987
B-090,mature_none,54237,mature,none,0,9,9,0,1.9203e+06,5.65252e+06,1.25,-7.5,OK,,,No,,Yes,35,1549.63,5,0,16,0,16,0,,,0.839129,0.100403,-0.0558878,3.68252,54.3175,1.13596,0.0332989
B-091,mature_some,6654,mature,some,2,9,9,0,1.91982e+06,5.64376e+06,-1.5,-4.75,OK,Slip or debris flow,,No,,No,20,332.7,2,0,15,2,15,2,,,0.881492,-0.0325638,0.095752,26.3622,129.976,0.10695,0.366743
B-092,young_most,2904,young,most,6,9,0,9,1.92488e+06,5.64784e+06,-1,-5,Can't tell,Slip or debris flow,,No,fresh replant,Yes,6,,4,1,16,14,0,0,16,13,0.564109,-0.219986,0.194404,32.2,167.78,-1.00733,0.0545868
B-093,mature_some,6654,mature,some,3,9,9,0,1.91946e+06,5.6515e+06,1.5,-8,OK,Flood or silt,,No,,Yes,20,332.7,5,0,10,1,10,1,,,0.789575,-0.040575,0.0330724,20.986,9.30808,-0.826169,0.0487789
B-094,young_none,35218,young,none,0,9,0,9,1.93076e+06,5.63446e+06,3.25,-5.5,OK,,,No,young plantation ,No,30,1173.93,3,1,16,0,16,0,16,0,0.595285,0.0750302,-0.0793142,16.8168,77.4402,-1.27592,0.0429475
B-095,young_most,2904,young,most,9,9,0,9,1.92566e+06,5.64078e+06,-0.75,-5.5,Can't tell,,,No,young plantation ,Yes,6,,2,0,16,13,0,0,,,0.589965,-0.298623,0.18533,27.2704,216.103,-0.423357,0.0731315
B-096,mature_none,54237,mature,none,0,9,9,0,1.92072e+06,5.643e+06,-2.5,-4.75,OK,,,No,,Yes,35,1549.63,2,1,16,0,16,0,16,0,0.895773,0.0348974,-0.0185638,14.5107,95.1323,-0.535878,0.0282471
B-097,mature_most,5269,mature,most,6,9,9,0,1.92396e+06,5.64874e+06,-1.25,-4.5,OK,Slip or debris flow,,No,good newer but more established plantation example,Yes,9,585.444,5,0,16,4,16,4,,,0.893426,-0.256537,0.327408,20.3106,197.358,-0.736205,0.0781444
B-098,young_most,2904,young,most,8,9,0,9,1.92284e+06,5.64912e+06,2,-7,OK,Slip or debris flow,,No,new plantation,Yes,6,484,5,0,5,1,5,1,,,0.72964,-0.374619,0.343195,41.5392,106.537,-0.0805041,0.0464723
B-099,mature_some,6654,mature,some,1,6,6,0,1.92234e+06,5.63358e+06,-1.5,-9,OK,Slip or debris flow,,No,native veg,No,20,332.7,3,1,0,0,0,0,0,0,0.841875,-0.0315598,0.0597645,30.2335,40,-0.00534938,0.0352042
B-100,young_some,4030,young,some,1,8,0,8,1.9209e+06,5.649e+06,1.5,-7,OK,,,No,native veg  road  and power line,Yes,17,237.059,5,0,0,0,0,0,,,0.659956,-0.0936972,0.0260889,16.7188,54.3175,0.465154,0.0488053
B-101,mature_none,54237,mature,none,0,9,9,0,1.92138e+06,5.65128e+06,1.5,-7,OK,,,No,,Yes,35,1549.63,5,0,16,0,16,0,,,0.757969,0.177127,-0.0682022,18.0687,5.88388,1.66313,0.0482312
B-102,mature_some,6654,mature,some,1,9,9,0,1.92848e+06,5.65302e+06,15,-16.25,OK,,,No,,Yes,20,332.7,1,1,16,0,16,0,16,0,0.899769,0.00209318,0.0350606,14.2597,51.4843,-0.858904,0.115694
B-103,young_most,2904,young,most,6,9,0,9,1.92116e+06,5.64616e+06,-0.5,-4,OK,Slip or debris flow,,No,younger plantation ,Yes,6,484,5,1,7,1,7,1,9,0,0.782808,-0.233395,0.30537,26.0894,8.01777,-2.45422,0.0528075
B-104,mature_none,54237,mature,none,0,9,9,0,1.9214e+06,5.64718e+06,0.25,-5,OK,,,No,,Yes,35,1549.63,5,1,13,0,13,0,12,0,0.82407,0.100273,-0.0732526,17.8185,94.142,-0.221959,0.0247231
B-105,mature_none,54237,mature,none,0,9,9,0,1.92788e+06,5.6478e+06,2.25,-8.25,OK,,,No,,Yes,35,1549.63,4,1,16,0,16,0,16,0,0.902946,0.0271867,-0.0188999,3.2202,150.083,1.87821,0.0121557
B-106,young_most,2904,young,most,5,9,0,9,1.92894e+06,5.6481e+06,4.75,-10,Can't tell,Slip or debris flow,,No,fresh cut over ,Yes,6,,4,0,0,0,0,0,,,0.560316,-0.25246,0.22516,18.4948,199.374,-1.70939,0.0353046
B-107,young_none,35218,young,none,0,1,0,1,1.91994e+06,5.64888e+06,1,-7,OK,,,Yes,young plantation boarders square with road going through square,Yes,30,1173.93,5,0,0,0,0,0,,,0.639181,0.016665,0.0765071,11.5962,161.072,-0.557957,0.0309766
B-108,mature_some,6654,mature,some,2,3,3,0,1.92236e+06,5.6416e+06,-2.5,-5,OK,Slip or debris flow,,No,native veg,Yes,20,332.7,2,1,0,0,0,0,0,0,0.855598,-0.201472,0.157918,13.5789,45.22,0.323379,0.0752513
B-109,mature_some,6654,mature,some,1,9,9,0,1.91978e+06,5.65036e+06,1.25,-7,OK,,,No,,Yes,20,332.7,5,0,3,0,3,0,,,0.727619,0.036037,0.0139194,8.97526,21.7228,1.42548,0.037309
B-110,young_none,35218,young,none,0,5,0,5,1.93044e+06,5.63442e+06,3.25,-5.5,Can't tell,,,No,fresh cutover,No,30,,3,1,0,0,0,0,0,0,0.500211,0.0394122,-0.0399327,16.8631,203.126,0.313166,0.033628
B-111,mature_none,54237,mature,none,0,9,7,2,1.92744e+06,5.64292e+06,7,-8,OK,,,No,,Yes,35,1549.63,4,1,15,0,15,0,16,0,0.7574,0.119627,0.0225982,38.091,32.1779,-2.11522,0.0271213
B-112,young_none,35218,young,none,0,4,0,4,1.9259e+06,5.65488e+06,2.5,-8.5,OK,,,No,fresh cutover with replants around the square,Yes,30,1173.93,1,0,0,0,0,0,,,0.483619,0.0169643,-0.00477858,4.85367,89.1828,-0.888014,0.0583917
B-113,young_none,35218,young,none,0,1,0,1,1.92954e+06,5.63928e+06,9,-9,OK,,,Yes,road,Yes,30,1173.93,3,0,7,0,7,0,,,0.413857,0.149692,-0.137236,7.21226,94.6048,0.0319457,0.0452114
B-114,mature_none,54237,mature,none,0,9,9,0,1.92674e+06,5.64904e+06,1.5,-8.5,OK,,,No,,Yes,35,1549.63,4,0,16,0,16,0,,,0.915124,0.0291198,-0.0218698,9.79143,107.936,0.763056,0.0115586
B-115,young_none,35218,young,none,0,9,0,9,1.92996e+06,5.63932e+06,9,-9,OK,,,No,pond water 1-3,Yes,30,1173.93,3,0,10,0,10,0,,,0.75398,0.138841,-0.0415931,15.3557,61.241,-0.0237763,0.051754
B-116,mature_none,54237,mature,none,0,9,9,0,1.92596e+06,5.6473e+06,-0.5,-5,OK,,,No,,No,35,1549.63,4,0,16,0,16,0,,,0.886734,0.0493949,-0.0169855,13.2753,207.127,0.0589557,0.012827
B-117,young_none,35218,young,none,0,9,0,9,1.92548e+06,5.63064e+06,2,-4,OK,,,No,newer replants,Yes,30,1173.93,3,0,16,2,16,2,,,0.707069,-0.00696757,0.0363097,31.612,120,0.126971,0.0256901
B-118,mature_most,5269,mature,most,6,9,9,0,1.92192e+06,5.6427e+06,-2.5,-4.75,OK,Slip or debris flow,,No,native veg in gully,Yes,9,585.444,2,0,0,0,0,0,,,0.855101,-0.144091,0.0977973,35.3895,15.5274,0.269125,0.0347561
B-119,young_none,35218,young,none,0,9,0,9,1.92792e+06,5.64712e+06,3,-8.25,OK,Other,,No,clear cut between before and after,Yes,30,1173.93,4,0,3,3,0,0,,,0.636787,-0.0289831,0.0578999,17.0586,48.7505,-0.159053,0.14127
B-120,mature_some,6654,mature,some,1,9,9,0,1.9275e+06,5.65584e+06,3.25,-8.25,OK,Slip or debris flow,,No,,No,20,332.7,1,0,16,2,16,2,,,0.904637,-0.00680604,0.0339767,24.2612,20,0.44467,0.0487016
B-121,young_none,35218,young,none,0,9,0,9,1.92594e+06,5.64016e+06,1,-6,Can't tell,Slip or debris flow,,No,in cutover can't tell if replanted - slips,Yes,30,,2,0,0,0,0,0,,,0.553033,-0.0355624,0.00988226,23.6448,194.852,0.866703,0.0413304
B-122,mature_none,54237,mature,none,0,9,9,0,1.9269e+06,5.65542e+06,2.5,-8.5,OK,,,No,,No,35,1549.63,1,0,16,0,16,0,,,0.869586,0.0751564,-0.0208382,10.1993,170.147,1.12657,0.0312297
B-123,young_none,35218,young,none,0,9,0,9,1.9283e+06,5.64706e+06,4.75,-9.75,Can't tell,Other,,No,clear cut between before and after?,Yes,30,,4,0,16,16,0,0,,,0.736408,-0.0256455,0.000596564,26.9178,19.8928,-1.10884,0.173006
B-124,mature_none,54237,mature,none,0,9,9,0,1.91994e+06,5.64744e+06,1,-5,OK,,,No,,Yes,35,1549.63,5,0,16,0,16,0,,,0.858006,0.0895416,-0.0520895,6.25812,236.114,0.519988,0.0193175
B-125,young_some,4030,young,some,2,9,0,9,1.92402e+06,5.64726e+06,-0.75,-4.75,OK,Other,,No,clear cut between before and after - slips,Yes,17,237.059,4,1,16,16,0,0,16,16,0.69194,-0.171405,0.177423,37.9206,148.577,0.569985,0.338698
B-126,young_none,35218,young,none,0,9,0,9,1.92518e+06,5.64676e+06,-1.25,-4.75,Can't tell,,,No,cut over can't tell if replanted,Yes,30,,4,0,0,0,0,0,,,0.698198,-0.0112905,0.0208986,17.299,214.826,-0.496654,0.0919142
B-127,mature_some,6654,mature,some,1,9,9,0,1.92146e+06,5.6445e+06,-0.5,-4.5,OK,Slip or debris flow,,No,,Yes,20,332.7,2,0,16,4,16,4,,,0.893429,-0.0155281,0.0636516,25.2964,167.78,-0.806328,0.112046
B-128,mature_some,6654,mature,some,2,9,9,0,1.92044e+06,5.6506e+06,1.25,-7,OK,Slip or debris flow,,No,,Yes,20,332.7,5,1,16,1,16,1,16,0,0.848964,0.00418358,0.102391,23.7478,164.497,-1.17227,0.354069
B-129,mature_none,54237,mature,none,0,9,9,0,1.92648e+06,5.64648e+06,0,-5,OK,,,No,road and native veg,Yes,35,1549.63,4,0,9,0,9,0,,,0.815406,0.0391306,-0.0202307,11.0988,61.241,0.354034,0.0261779
B-130,young_none,35218,young,none,0,1,0,1,1.92944e+06,5.63494e+06,0.5,-4.5,OK,,,No,road,Yes,30,1173.93,3,0,0,0,0,0,,,0.733085,-0.00501473,0.106388,22.908,76.4865,-0.747366,0.0241351
